Pin Title,Pin Description,Board name,,Image,Link,Keyword 1,Keyword 2,Keyword 3,Keyword 4,Keyword 5
Best Espresso Machine Under $300,Save $200+ and still pull real shots. Our tested beginner espresso machines under $300. #espresso #espressomachine #homecafe,Espresso & Machines,,https://brewlab-one.vercel.app/static/pins/pin01-product-rec.png,https://brewlab-one.vercel.app/guides/best-espresso-machine-under-300-for-beginners.html,espresso ,espressomachine ,homecafe,,
Why Is My Espresso Sour?,"Sour = under-extracted. 3 quick fixes (grind, time, temp) that rescue your shot. #espresso #coffeetips #espressoproblems",Espresso & Machines,,https://brewlab-one.vercel.app/static/pins/pin02-troubleshooting.png,https://brewlab-one.vercel.app/guides/why-is-my-espresso-sour.html,espresso ,coffeetips ,espressoproblems,,
Pour-Over Coffee: Step by Step,"Bloom, pour, time — the full method on one page. Tutorial. #pourover #coffeetutorial #morningcoffee",Pour-Over & Drip,,https://brewlab-one.vercel.app/static/pins/pin03-tutorial.png,https://brewlab-one.vercel.app/guides/pour-over-guide.html,pourover ,coffeetutorial ,morningcoffee,,
Iced Latte at Home (3 Minutes),"Cafe-quality iced latte in 3 minutes, for a fraction of the price. Recipe. #icedlatte #coffeerecipes #starbucksdupes",Cold Brew & Iced Coffee,,https://brewlab-one.vercel.app/static/pins/pin04-recipe.png,https://brewlab-one.vercel.app/guides/how-to-make-iced-latte.html,icedlatte ,coffeerecipes ,starbucksdupes,,
Cold Brew vs Iced Coffee,"Same beans, totally different cup. The real difference on one card. #coldbrew #icedcoffee #coffee",Cold Brew & Iced Coffee,,https://brewlab-one.vercel.app/static/pins/pin05-comparison.png,https://brewlab-one.vercel.app/guides/cold-brew-vs-iced-coffee.html,coldbrew ,icedcoffee ,coffee,,
[FREE] Coffee Brewing Cheat Sheet,"Ratios, grind sizes, temps & fixes for every method — print it and stick it on the fridge. Grab it free. #coffee #freebie #printable",Grinders & Gear,,https://brewlab-one.vercel.app/static/pins/pin06-freebie.png,https://brewlab-one.vercel.app/free/coffee-cheat-sheet.html,coffee ,freebie ,printable,,
Best Coffee Gift for Her,"Thoughtful, actually-useful coffee gifts she'll love. #coffeegift #giftideas #coffeelover",Coffee Gifts & Small Kitchen,,https://brewlab-one.vercel.app/static/pins/pin07-gift.png,https://brewlab-one.vercel.app/guides/best-coffee-gift-for-her.html,coffeegift ,giftideas ,coffeelover,,
Best Pour-Over Setup for Beginners,Everything you need for your first great V60 cup under one roof. Beginner setup guide. #pourover #v60 #specialtycoffee,Pour-Over & Drip,,https://brewlab-one.vercel.app/static/pins/pin08-beginner-setup.png,https://brewlab-one.vercel.app/guides/best-pour-over-coffee-setup-for-beginners.html,pourover ,v60 ,specialtycoffee,,
Best Grinder Under $200,Great bang-for-buck electric grinders that beat blade grinders instantly. #coffeegrinder #budgetfinds #coffee,Grinders & Gear,,https://brewlab-one.vercel.app/static/pins/pin09-budget.png,https://brewlab-one.vercel.app/guides/best-coffee-grinder-under-200.html,coffeegrinder ,budgetfinds ,coffee,,
Best Espresso Machine Under $500,Stepping up from a $300 unit? Sub-$500 gets you dual boilers and real steam. #espresso #prosumer #homebarista,Espresso & Machines,,https://brewlab-one.vercel.app/static/pins/pin10-product-rec.png,https://brewlab-one.vercel.app/guides/best-espresso-machine-under-500.html,espresso ,prosumer ,homebarista,,
Best Espresso Machine Under $1000,Serious home barista power without pro pricing. Our top $1k picks. #espresso #homecafe #coffeelover,Espresso & Machines,,https://brewlab-one.vercel.app/static/pins/pin11-product-rec.png,https://brewlab-one.vercel.app/guides/best-espresso-machine-under-1000.html,espresso ,homecafe ,coffeelover,,
Best Prosumer Espresso Machine,Cafe-grade performance for the home counter. Compare the best prosumer units. #espresso #prosumer #homebarista,Espresso & Machines,,https://brewlab-one.vercel.app/static/pins/pin12-product-rec.png,https://brewlab-one.vercel.app/guides/best-prosumer-espresso-machine.html,espresso ,prosumer ,homebarista,,
Best Dual-Boiler Espresso Machine,Simultaneous brew + steam = better milk drinks. Our dual-boiler picks. #espresso #latte #homecafe,Espresso & Machines,,https://brewlab-one.vercel.app/static/pins/pin13-product-rec.png,https://brewlab-one.vercel.app/guides/best-dual-boiler-espresso-machine.html,espresso ,latte ,homecafe,,
Best Espresso Machine for Small Kitchen,"Big coffee, tiny counter. Space-saving machines that actually perform. #espresso #smallkitchen #apartmentliving",Espresso & Machines,,https://brewlab-one.vercel.app/static/pins/pin14-product-rec.png,https://brewlab-one.vercel.app/guides/best-espresso-machine-for-small-apartment.html,espresso ,smallkitchen ,apartmentliving,,
Best Espresso Machine Under $150,Real shots on a tight budget. Cheap machines that still pull a decent cup. #espresso #budgetfinds #coffee,Espresso & Machines,,https://brewlab-one.vercel.app/static/pins/pin15-budget.png,https://brewlab-one.vercel.app/guides/best-espresso-machine-under-150.html,espresso ,budgetfinds ,coffee,,
Why Is My Espresso Bitter?,"Bitter = over-extracted. 3 fixes (grind, dose, temp) that sweeten your shot. #espresso #coffeetips #espressoproblems",Espresso & Machines,,https://brewlab-one.vercel.app/static/pins/pin16-troubleshooting.png,https://brewlab-one.vercel.app/guides/why-is-my-espresso-bitter.html,espresso ,coffeetips ,espressoproblems,,
Best Grinder for Espresso,Espresso lives or dies on grind. The grinders we trust for espresso. #coffeegrinder #espresso #coffeegear,Grinders & Gear,,https://brewlab-one.vercel.app/static/pins/pin17-product-rec.png,https://brewlab-one.vercel.app/guides/best-grinder-for-espresso.html,coffeegrinder ,espresso ,coffeegear,,
Best Coffee Grinder Under $300,"The sweet spot for electric grinders — real consistency, fair price. #coffeegrinder #coffeegear #homecafe",Grinders & Gear,,https://brewlab-one.vercel.app/static/pins/pin18-product-rec.png,https://brewlab-one.vercel.app/guides/best-coffee-grinder-under-300.html,coffeegrinder ,coffeegear ,homecafe,,
Best Coffee Grinder Under $500,Enthusiast-grade grinders with near-commercial uniformity. #coffeegrinder #specialtycoffee #coffeegear,Grinders & Gear,,https://brewlab-one.vercel.app/static/pins/pin19-product-rec.png,https://brewlab-one.vercel.app/guides/best-coffee-grinder-under-500.html,coffeegrinder ,specialtycoffee ,coffeegear,,
Best Coffee Grinder Under $100,Huge upgrade from blade grinders for under $100. #coffeegrinder #budgetfinds #coffee,Grinders & Gear,,https://brewlab-one.vercel.app/static/pins/pin20-budget.png,https://brewlab-one.vercel.app/guides/best-coffee-grinder-under-100.html,coffeegrinder ,budgetfinds ,coffee,,
Best Coffee Grinder Under $50,Entry-level grinders that beat pre-ground every time. #coffeegrinder #budgetfinds #coffee,Grinders & Gear,,https://brewlab-one.vercel.app/static/pins/pin21-budget.png,https://brewlab-one.vercel.app/guides/best-coffee-grinder-under-50.html,coffeegrinder ,budgetfinds ,coffee,,
Best Coffee Scale Under $50,A $20 scale is the cheapest accuracy upgrade in coffee. Our picks. #coffeescale #pourover #coffeegear,Grinders & Gear,,https://brewlab-one.vercel.app/static/pins/pin22-gear.png,https://brewlab-one.vercel.app/guides/best-coffee-scale-under-50.html,coffeescale ,pourover ,coffeegear,,
Best Milk Frother for Lattes,Cafe-style microfoam at home without a $1k machine. #milkfrother #latte #homecafe,Grinders & Gear,,https://brewlab-one.vercel.app/static/pins/pin23-gear.png,https://brewlab-one.vercel.app/guides/best-milk-frother-for-latte-at-home.html,milkfrother ,latte ,homecafe,,
How to Clean a Coffee Grinder,Oils go rancid and ruin flavor. A 5-minute cleaning routine. #coffeegrinder #coffeetips #cleaning,Grinders & Gear,,https://brewlab-one.vercel.app/static/pins/pin24-gear.png,https://brewlab-one.vercel.app/guides/how-to-clean-coffee-grinder.html,coffeegrinder ,coffeetips ,cleaning,,
Best Pour-Over Starter Kit,Everything you need for your first great V60 cup in one place. #pourover #v60 #specialtycoffee,Pour-Over & Drip,,https://brewlab-one.vercel.app/static/pins/pin25-beginner-setup.png,https://brewlab-one.vercel.app/guides/best-pourover-starter-kit.html,pourover ,v60 ,specialtycoffee,,
Drip vs Pour-Over Coffee,"Two brewing worlds, totally different cups. The honest breakdown. #pourover #drip #coffee",Pour-Over & Drip,,https://brewlab-one.vercel.app/static/pins/pin26-comparison.png,https://brewlab-one.vercel.app/guides/drip-vs-pour-over.html,pourover ,drip ,coffee,,
Best Drip Maker (Thermal Carafe),Hot coffee that stays hot for hours. Our thermal-carafe picks. #dripcoffee #coffeemaker #morningcoffee,Pour-Over & Drip,,https://brewlab-one.vercel.app/static/pins/pin27-product-rec.png,https://brewlab-one.vercel.app/guides/best-drip-coffee-maker-thermal-carafe.html,dripcoffee ,coffeemaker ,morningcoffee,,
Best Coffee Scale With Timer,Dial in pour-over with a scale that times your blooms. #coffeescale #pourover #coffeegear,Pour-Over & Drip,,https://brewlab-one.vercel.app/static/pins/pin28-gear.png,https://brewlab-one.vercel.app/guides/best-coffee-scales-with-timer.html,coffeescale ,pourover ,coffeegear,,
Best Cold Brew Maker for Beginners,The easiest dedicated cold brew makers to start with. #coldbrew #icedcoffee #summerdrinks,Cold Brew & Iced Coffee,,https://brewlab-one.vercel.app/static/pins/pin29-product-rec.png,https://brewlab-one.vercel.app/guides/best-cold-brew-maker-for-beginners.html,coldbrew ,icedcoffee ,summerdrinks,,
Cold Brew Concentrate at Home,Make a week of smooth cold brew in one batch. #coldbrew #icedcoffee #coffeerecipes,Cold Brew & Iced Coffee,,https://brewlab-one.vercel.app/static/pins/pin30-recipe.png,https://brewlab-one.vercel.app/guides/best-cold-brew-concentrate-maker.html,coldbrew ,icedcoffee ,coffeerecipes,,
Best Beans for Cold Brew,"Low-acid, chocolatey beans that shine over ice. Our picks. #coldbrew #coffeebeans #coffeelover",Cold Brew & Iced Coffee,,https://brewlab-one.vercel.app/static/pins/pin31-beans.png,https://brewlab-one.vercel.app/guides/best-coffee-beans-for-cold-brew.html,coldbrew ,coffeebeans ,coffeelover,,
How to Make a Vanilla Latte,Cafe vanilla latte at home for a fraction of the price. #vanillalatte #coffeerecipes #latte,Cold Brew & Iced Coffee,,https://brewlab-one.vercel.app/static/pins/pin32-recipe.png,https://brewlab-one.vercel.app/guides/how-to-make-vanilla-latte.html,vanillalatte ,coffeerecipes ,latte,,
Pumpkin Spice Latte at Home,Skip the line — make PSL in your own kitchen. #pumpkinspice #latte #fallvibes,Cold Brew & Iced Coffee,,https://brewlab-one.vercel.app/static/pins/pin33-recipe.png,https://brewlab-one.vercel.app/guides/how-to-make-pumpkin-spice-latte.html,pumpkinspice ,latte ,fallvibes,,
Latte vs Mocha,"Chocolate is the only difference — or is it? The real difference, explained. #latte #mocha #coffee",Cold Brew & Iced Coffee,,https://brewlab-one.vercel.app/static/pins/pin34-comparison.png,https://brewlab-one.vercel.app/guides/latte-vs-mocha.html,latte ,mocha ,coffee,,
Flat White vs Latte,"Same ingredients, different ratios. finally explained. #flatwhite #latte #coffee",Cold Brew & Iced Coffee,,https://brewlab-one.vercel.app/static/pins/pin35-comparison.png,https://brewlab-one.vercel.app/guides/flat-white-vs-latte.html,flatwhite ,latte ,coffee,,
Best French Press (Glass vs Steel),Our tested French presses by material and budget. #frenchpress #coffeegear #coffeelover,French Press,,https://brewlab-one.vercel.app/static/pins/pin36-product-rec.png,https://brewlab-one.vercel.app/guides/best-french-press.html,frenchpress ,coffeegear ,coffeelover,,
Best Stainless French Press,"Unbreakable, keeps coffee hot longer. Top steel picks. #frenchpress #coffeegear #durable",French Press,,https://brewlab-one.vercel.app/static/pins/pin37-product-rec.png,https://brewlab-one.vercel.app/guides/best-stainless-french-press.html,frenchpress ,coffeegear ,durable,,
Best French Press for One,Solo coffee drinker? Small French presses that don't waste. #frenchpress #singleserve #coffee,French Press,,https://brewlab-one.vercel.app/static/pins/pin38-product-rec.png,https://brewlab-one.vercel.app/guides/best-french-press-for-one-person.html,frenchpress ,singleserve ,coffee,,
How to Use a Moka Pot,"Stovetop espresso-style coffee, step by step. #mokapot #italiancoffee #coffee",French Press,,https://brewlab-one.vercel.app/static/pins/pin39-tutorial.png,https://brewlab-one.vercel.app/guides/how-to-use-a-moka-pot.html,mokapot ,italiancoffee ,coffee,,
Moka Pot vs Espresso,Close enough to espresso? The real differences on one card. #mokapot #espresso #coffee,French Press,,https://brewlab-one.vercel.app/static/pins/pin40-comparison.png,https://brewlab-one.vercel.app/guides/moka-pot-vs-espresso-machine.html,mokapot ,espresso ,coffee,,
Best Travel Coffee Mug,Keeps coffee hot for hours on the commute. Top travel mugs. #travelmug #coffeelover #giftideas,Coffee Gifts & Small Kitchen,,https://brewlab-one.vercel.app/static/pins/pin41-gift.png,https://brewlab-one.vercel.app/guides/best-coffee-travel-mug-thermos.html,travelmug ,coffeelover ,giftideas,,
Best Coffee Gift for Him,Actually-useful coffee gifts for the guy who has everything. #coffeegift #giftideas #coffeelover,Coffee Gifts & Small Kitchen,,https://brewlab-one.vercel.app/static/pins/pin42-gift.png,https://brewlab-one.vercel.app/guides/best-coffee-gift-for-him.html,coffeegift ,giftideas ,coffeelover,,
Best Coffee Gifts for Lovers,Gift sets and gear any coffee lover will use daily. #coffeegift #giftideas #coffeelover,Coffee Gifts & Small Kitchen,,https://brewlab-one.vercel.app/static/pins/pin43-gift.png,https://brewlab-one.vercel.app/guides/best-coffee-gifts-for-coffee-lovers.html,coffeegift ,giftideas ,coffeelover,,
Best Coffee Gift Basket,Build a coffee gift basket they'll actually thank you for. #coffeegift #giftbasket #giftideas,Coffee Gifts & Small Kitchen,,https://brewlab-one.vercel.app/static/pins/pin44-gift.png,https://brewlab-one.vercel.app/guides/best-coffee-gift-basket.html,coffeegift ,giftbasket ,giftideas,,
[FREE] FREE Printable Coffee Cheat Sheet,"Ratios, grind sizes, temps & fixes for every method. Print it free. #coffee #freebie #printable",Grinders & Gear,,https://brewlab-one.vercel.app/static/pins/pin45-freebie.png,https://brewlab-one.vercel.app/free/coffee-cheat-sheet.html,coffee ,freebie ,printable,,
